servlet.AccountViewServlet:33,src/main/java/servlet/AccountViewServlet.java:33
servlet.AccountViewServlet:53,src/main/java/servlet/AccountViewServlet.java:53
servlet.AccountViewServlet:35,src/main/java/servlet/AccountViewServlet.java:35
servlet.AccountViewServlet:55,src/main/java/servlet/AccountViewServlet.java:55
servlet.AdminServlet:99,src/main/java/servlet/AdminServlet.java:99
servlet.FindLocationServlet:42,src/main/java/servlet/FindLocationServlet.java:42
servlet.FindLocationServlet:103,src/main/java/servlet/FindLocationServlet.java:103
servlet.FindLocationServlet:109,src/main/java/servlet/FindLocationServlet.java:109
servlet.FindLocationServlet:110,src/main/java/servlet/FindLocationServlet.java:110
servlet.FindLocationServlet:114,src/main/java/servlet/FindLocationServlet.java:114
servlet.FindLocationServlet:115,src/main/java/servlet/FindLocationServlet.java:115
servlet.FindLocationServlet:116,src/main/java/servlet/FindLocationServlet.java:116
servlet.FindLocationServlet:41,src/main/java/servlet/FindLocationServlet.java:41
servlet.LoginServlet:61,src/main/java/servlet/LoginServlet.java:61
servlet.RedirectServlet:36,src/main/java/servlet/RedirectServlet.java:36
servlet.SubscribeServlet:26,src/main/java/servlet/SubscribeServlet.java:26
servlet.SurveyServlet:32,src/main/java/servlet/SurveyServlet.java:32
servlet.SurveyServlet:65,src/main/java/servlet/SurveyServlet.java:65
servlet.SurveyServlet:65,src/main/java/servlet/SurveyServlet.java:65
util.DBUtil:435,src/main/java/util/DBUtil.java:435
util.DBUtil:510,src/main/java/util/DBUtil.java:510
util.DBUtil:463,src/main/java/util/DBUtil.java:463
util.DBUtil:477,src/main/java/util/DBUtil.java:477
util.DBUtil:209,src/main/java/util/DBUtil.java:209
util.DBUtil:163,src/main/java/util/DBUtil.java:163
util.DBUtil:491,src/main/java/util/DBUtil.java:491
util.DBUtil:440,src/main/java/util/DBUtil.java:440
util.DBUtil:468,src/main/java/util/DBUtil.java:468
util.DBUtil:482,src/main/java/util/DBUtil.java:482
util.DBUtil:216,src/main/java/util/DBUtil.java:216
util.DBUtil:173,src/main/java/util/DBUtil.java:173
util.DBUtil:496,src/main/java/util/DBUtil.java:496
util.DBUtil:454,src/main/java/util/DBUtil.java:454
util.DBUtil:248,src/main/java/util/DBUtil.java:248
util.DBUtil:309,src/main/java/util/DBUtil.java:309
util.DBUtil:319,src/main/java/util/DBUtil.java:319
util.DBUtil:440,src/main/java/util/DBUtil.java:440
util.DBUtil:454,src/main/java/util/DBUtil.java:454
util.DBUtil:468,src/main/java/util/DBUtil.java:468
util.DBUtil:482,src/main/java/util/DBUtil.java:482
util.DBUtil:248,src/main/java/util/DBUtil.java:248
util.DBUtil:366,src/main/java/util/DBUtil.java:366
util.DBUtil:216,src/main/java/util/DBUtil.java:216
util.DBUtil:496,src/main/java/util/DBUtil.java:496
util.DBUtil:309,src/main/java/util/DBUtil.java:309
util.OperationsUtil:21,src/main/java/util/OperationsUtil.java:21
util.OperationsUtil:103,src/main/java/util/OperationsUtil.java:103
util.ServletUtil:207,src/main/java/util/ServletUtil.java:207
util.ServletUtil:213,src/main/java/util/ServletUtil.java:213
util.ServletUtil:213,src/main/java/util/ServletUtil.java:213
util.ServletUtil:51,src/main/java/util/ServletUtil.java:51
util.ServletUtil:102,src/main/java/util/ServletUtil.java:102
util.ServletUtil:54,src/main/java/util/ServletUtil.java:54
